{
  "id": "shell-game",
  "title": "Shell Game",
  "description": "A token shuffling module for Foundry VTT.",
  "version": "0.1.0",
  "authors": [
    { "name": "SneakinZeekin", "url": "https://github.com/SneakinZeekin" }
  ],
  "compatibility": {
    "minimum": "11",
    "verified": "11"
  },
  "esmodules": ["module.js"],
  "styles": ["main.css.css"],
  "templates": ["templates/ready-check.html"],
  "url": "https://github.com/SneakinZeekin/shell-game",
  "manifest": "https://raw.githubusercontent.com/SneakinZeekin/shell-game/main/module.json",
  "download": "https://raw.githubusercontent.com/SneakinZeekin/shell-game/main/release/shell-game.zip"
}